DELETE FROM PROJECTENTITY_USERENTITY;
DELETE FROM HARDWAREENTITY;
DELETE FROM PROJECTENTITY;
DELETE FROM USERENTITY;
DELETE FROM UNITENTITY;

select * from PROJECTENTITY;
-- Se crea el primer proyecto
INSERT INTO PROJECTENTITY(ID,COMPANY,INTERNALPROJECT)
VALUES (100000,'IBM',1);
--Se crea el segundo proyecto
INSERT INTO PROJECTENTITY(ID,COMPANY,INTERNALPROJECT)
VALUES (100001,'GOOGLE',0);

--Se crea hardware para el primer proyecto
INSERT INTO HARDWAREENTITY (ID, CORES, CPU, IP, PLATAFORMA, RAM,PROJECT_ID)
VALUES (100000,4,'Intel 80486DX2',15725320214,'WINDOWS',124,100000);
INSERT INTO HARDWAREENTITY (ID, CORES, CPU, IP, PLATAFORMA, RAM,PROJECT_ID)
VALUES (100001,8,'Intel Core i5',15725320217,'SOLARIS',100,100000);
INSERT INTO HARDWAREENTITY (ID, CORES, CPU, IP, PLATAFORMA, RAM,PROJECT_ID)
VALUES (100002,6,'IBM PowerPC 604e',15725320217,'IOSX',99,100000);
INSERT INTO HARDWAREENTITY (ID, CORES, CPU, IP, PLATAFORMA, RAM,PROJECT_ID)
VALUES (100003,5,'Intel Core i5',15725320217,'UBUNTU',95,100000);
INSERT INTO HARDWAREENTITY (ID, CORES, CPU, IP, PLATAFORMA, RAM,PROJECT_ID)
VALUES (100004,9,'Intel 80486DX2',15725320217,'DEBIAN',78,100000);
INSERT INTO HARDWAREENTITY (ID, CORES, CPU, IP, PLATAFORMA, RAM,PROJECT_ID)
VALUES (100005,10,'Intel Core i5',15725320217,'SOLARIS',89,100000);

--Se crea hardware para el segundo proyecto
INSERT INTO HARDWAREENTITY (ID, CORES, CPU, IP, PLATAFORMA, RAM,PROJECT_ID)
VALUES (100006,4,'Intel 80486DX2',15725320214,'WINDOWS',100,100001);
INSERT INTO HARDWAREENTITY (ID, CORES, CPU, IP, PLATAFORMA, RAM,PROJECT_ID)
VALUES (100007,8,'Intel Core i5',15725320217,'UBUNTU',85,100001);
INSERT INTO HARDWAREENTITY (ID, CORES, CPU, IP, PLATAFORMA, RAM,PROJECT_ID)
VALUES (100008,6,'IBM PowerPC 604e',15725320217,'REDHAT',97,100001);
INSERT INTO HARDWAREENTITY (ID, CORES, CPU, IP, PLATAFORMA, RAM,PROJECT_ID)
VALUES (100009,5,'Intel Core i5',15725320217,'centOS',98,100001);
INSERT INTO HARDWAREENTITY (ID, CORES, CPU, IP, PLATAFORMA, RAM,PROJECT_ID)
VALUES (100010,9,'Intel 80486DX2',15725320217,'UBUNTU',84,100001);
INSERT INTO HARDWAREENTITY (ID, CORES, CPU, IP, PLATAFORMA, RAM,PROJECT_ID)
VALUES (100011,10,'Intel Core i7',15725320217,'DEBIAN',79,100001);

--lider proyecto 1
INSERT INTO USERENTITY(ID,DTYPE,EMAIL,IMAGE,LOGIN,NAME,PHONE,LEADER)
VALUES (100000,'DeveloperEntity','nf.abondano','https://sistemas.uniandes.edu.co/images/Personas/Profesores/jvillalo.jpg','nf.abondano','41066578',1);
-- se agrega el lider del proyecto 1
INSERT INTO PROJECTENTITY_USERENTITY(PROJECTS_ID,DEVELOPERS_ID)
VALUES (100000,100000);
--se agrega el lider como tal a la tabla
UPDATE PROJECTENTITY
SET LEADER_ID = 100000
WHERE ID = 100000;
--lider del proyecto 2
INSERT INTO USERENTITY(ID,DTYPE,EMAIL,IMAGE,LOGIN,NAME,PHONE,LEADER)
VALUES (100001,'DeveloperEntity','d.galindo','https://sistemas.uniandes.edu.co/images/Personas/Profesores/vm.toro815.jpg','a.galindo','41066588',1);
-- se agrega el lider del proyecto 2
INSERT INTO PROJECTENTITY_USERENTITY(PROJECTS_ID,DEVELOPERS_ID)
VALUES (100001,100001);
-- se agrega el lider como tal a la tabla 
UPDATE PROJECTENTITY
SET LEADER_ID = 100001
WHERE ID = 100001;

--desarrolladores del proyecto 1
INSERT INTO USERENTITY(ID,DTYPE,EMAIL,IMAGE,LOGIN,NAME,PHONE,LEADER)
VALUES (100002,'DeveloperEntity','af.orozcog','https://sistemas.uniandes.edu.co/images/Personas/Profesores/rcardoso.jpg','af.orozcog','41066589',0);
INSERT INTO USERENTITY(ID,DTYPE,EMAIL,IMAGE,LOGIN,NAME,PHONE,LEADER)
VALUES (100003,'DeveloperEntity','a.maritnez','https://sistemas.uniandes.edu.co/images/Personas/Profesores/o-gonza1.jpg','a.martinez','41066590',0);
--se añaden los desarrolladores del proyecto 1
INSERT INTO PROJECTENTITY_USERENTITY(PROJECTS_ID,DEVELOPERS_ID)
VALUES (100000,100002);
INSERT INTO PROJECTENTITY_USERENTITY(PROJECTS_ID,DEVELOPERS_ID)
VALUES (100000,100003);

--desarrolladores del proyecto 2
INSERT INTO USERENTITY(ID,DTYPE,EMAIL,IMAGE,LOGIN,NAME,PHONE,LEADER)
VALUES (100004,'DeveloperEntity','d.delcastillo','https://sistemas.uniandes.edu.co/images/Personas/Profesores/stakahas.jpg','d.delcastillo','41066591',0);
INSERT INTO USERENTITY(ID,DTYPE,EMAIL,IMAGE,LOGIN,NAME,PHONE,LEADER)
VALUES (100005,'DeveloperEntity','s.bautista','https://sistemas.uniandes.edu.co/images/Personas/Profesores/mar-san1.jpg','s.bautista','41066592',0);
--se añaden los desarrolladores del proyecto 2
INSERT INTO PROJECTENTITY_USERENTITY(PROJECTS_ID,DEVELOPERS_ID)
VALUES (100001,100004);
INSERT INTO PROJECTENTITY_USERENTITY(PROJECTS_ID,DEVELOPERS_ID)
VALUES (100001,100005);

--se crean los sistemas internos y se asigna un proyecto
INSERT INTO INTERNALSYSTEMSENTITY(ID,TYPE,PROJECT_ID)
VALUES (100000,'autonomo',100000);
INSERT INTO INTERNALSYSTEMSENTITY(ID,TYPE,PROJECT_ID)
VALUES (100001,'autonomo',100000);
INSERT INTO INTERNALSYSTEMSENTITY(ID,TYPE,PROJECT_ID)
VALUES (100002,'externo',100001);

--se crean proveedores para los proyectos
INSERT INTO PROVIDERENTITY(ID,NAME)
VALUES (100000,'google',100000);
INSERT INTO PROVIDERENTITY(ID,NAME)
VALUES (100001,'microsoft',100000);

-- se agrega el proveedor como tal a la tabla 
UPDATE PROJECTENTITY
SET PROVIDER_ID = 100000
WHERE ID = 100000;
-- se agrega el proveedor como tal a la tabla
UPDATE PROJECTENTITY
SET PROVIDER_ID = 100001
WHERE ID = 100001;

--Se crean las iteraciones para el proyecto 1
insert into ITERATIONENTITY (id, BEGINDATE, CHANGES, ENDDATE, OBJETIVE, VALIDATIONDATE,PROJECT_ID) values (100001, '6/25/2019', '', '11/11/2019', '', '9/27/2019',100000);
insert into ITERATIONENTITY (id, BEGINDATE, CHANGES, ENDDATE, OBJETIVE, VALIDATIONDATE,PROJECT_ID) values (100002, '2/16/2019', '', '11/21/2019', '', '10/9/2019',100000);
insert into ITERATIONENTITY (id, BEGINDATE, CHANGES, ENDDATE, OBJETIVE, VALIDATIONDATE,PROJECT_ID) values (100003, '2/6/2019', '', '8/27/2019', '', '1/29/2019',100000);
insert into ITERATIONENTITY (id, BEGINDATE, CHANGES, ENDDATE, OBJETIVE, VALIDATIONDATE,PROJECT_ID) values (100004, '2/21/2019', '', '1/21/2019', '', '10/10/2019',100000);
insert into ITERATIONENTITY (id, BEGINDATE, CHANGES, ENDDATE, OBJETIVE, VALIDATIONDATE,PROJECT_ID) values (100005, '6/28/2019', '', '6/30/2019', '', '9/24/2019',100000);

--Se crean las iteraciones para el proyecto 2
insert into ITERATIONENTITY (id, BEGINDATE, CHANGES, ENDDATE, OBJETIVE, VALIDATIONDATE) values (100006, '2/4/2019', '', '9/23/2019', '', '4/18/2019',100001);
insert into ITERATIONENTITY (id, BEGINDATE, CHANGES, ENDDATE, OBJETIVE, VALIDATIONDATE) values (100007, '7/19/2019', '', '7/22/2019', '', '5/29/2019',100001);
insert into ITERATIONENTITY (id, BEGINDATE, CHANGES, ENDDATE, OBJETIVE, VALIDATIONDATE) values (100008, '5/7/2019', '', '10/14/2019', '', '11/29/2019',100001);
insert into ITERATIONENTITY (id, BEGINDATE, CHANGES, ENDDATE, OBJETIVE, VALIDATIONDATE) values (100009, '12/29/2018', '', '8/21/2019', '', '1/8/2019',100001);
insert into ITERATIONENTITY (id, BEGINDATE, CHANGES, ENDDATE, OBJETIVE, VALIDATIONDATE) values (100010, '4/15/2019', '', '11/21/2019', '', '1/1/2019',100001);
